[{"id":"f3f378bc.0a22b","type":"tab","label":"Flow Alem do Pote","disabled":false,"info":""},{"id":"3a02d27d.ad735e","type":"serial-port","serialport":"/dev/tnt1","serialbaud":"115200","databits":"8","parity":"none","stopbits":"1","waitfor":"","dtr":"none","rts":"none","cts":"none","dsr":"none","newline":"\\n","bin":"false","out":"char","addchar":"","responsetimeout":"10000"},{"id":"b00c44c1.5354f8","type":"ui_base","theme":{"name":"theme-dark","lightTheme":{"default":"#0094CE","baseColor":"#0094CE","baseFont":"Century Gothic,CenturyGothic,AppleGothic,sans-serif","edited":true,"reset":false},"darkTheme":{"default":"#097479","baseColor":"#204a87","baseFont":"-apple-system,BlinkMacSystemFont,Segoe UI,Roboto,Oxygen-Sans,Ubuntu,Cantarell,Helvetica Neue,sans-serif","edited":true,"reset":false},"customTheme":{"name":"Untitled Theme 1","default":"#4B7930","baseColor":"#4B7930","baseFont":"-apple-system,BlinkMacSystemFont,Segoe UI,Roboto,Oxygen-Sans,Ubuntu,Cantarell,Helvetica Neue,sans-serif"},"themeState":{"base-color":{"default":"#097479","value":"#204a87","edited":true},"page-titlebar-backgroundColor":{"value":"#204a87","edited":false},"page-backgroundColor":{"value":"#111111","edited":false},"page-sidebar-backgroundColor":{"value":"#333333","edited":false},"group-textColor":{"value":"#2f6cc5","edited":false},"group-borderColor":{"value":"#555555","edited":false},"group-backgroundColor":{"value":"#333333","edited":false},"widget-textColor":{"value":"#eeeeee","edited":false},"widget-backgroundColor":{"value":"#204a87","edited":false},"widget-borderColor":{"value":"#333333","edited":false},"base-font":{"value":"-apple-system,BlinkMacSystemFont,Segoe UI,Roboto,Oxygen-Sans,Ubuntu,Cantarell,Helvetica Neue,sans-serif"}},"angularTheme":{"primary":"indigo","accents":"blue","warn":"red","background":"grey"}},"site":{"name":"Alem do Pote","hideToolbar":"false","allowSwipe":"false","lockMenu":"true","allowTempTheme":"false","dateFormat":"DD/MM/YYYY","sizes":{"sx":48,"sy":48,"gx":10,"gy":10,"cx":10,"cy":10,"px":0,"py":0}}},{"id":"45eb2920.e856c8","type":"ui_group","name":"Vento","tab":"","order":6,"disp":false,"width":"6","collapse":false},{"id":"c7a8e166.dd714","type":"ui_group","name":"Temp","tab":"","order":3,"disp":false,"width":"6","collapse":false},{"id":"fe874ea6.1b9db","type":"ui_group","name":"Temp Min","tab":"","order":4,"disp":false,"width":"6","collapse":false},{"id":"dcfa88d7.c57a4","type":"ui_group","name":"Temp Max","tab":"","order":5,"disp":false,"width":"6","collapse":false},{"id":"a22b6fe1.0551c","type":"ui_group","name":"Sensacao Termica","tab":"","order":2,"disp":false,"width":"6","collapse":false},{"id":"73103994.1cdde","type":"ui_group","name":"Umidade Relativa","tab":"","order":7,"disp":false,"width":"6","collapse":false},{"id":"a1a031fe.4c2ea8","type":"ui_group","name":"NAC","tab":"","order":1,"disp":false,"width":"6","collapse":false},{"id":"9944fa8e.670cf","type":"ui_group","name":"Vento","tab":"","order":6,"disp":false,"width":"6","collapse":false},{"id":"94a01f0d.89f7","type":"ui_group","name":"Temp","tab":"","order":3,"disp":false,"width":"6","collapse":false},{"id":"8e224b95.dd1ae8","type":"ui_group","name":"Temp Min","tab":"","order":4,"disp":false,"width":"6","collapse":false},{"id":"f9486654.3075c8","type":"ui_group","name":"Temp Max","tab":"","order":5,"disp":false,"width":"6","collapse":false},{"id":"5de10f57.eb0cd","type":"ui_group","name":"Sensacao Termica","tab":"","order":2,"disp":false,"width":"6","collapse":false},{"id":"8f8ecff.cc71cb","type":"ui_group","name":"Umidade Relativa","tab":"","order":7,"disp":false,"width":"6","collapse":false},{"id":"406f7f34.a83b6","type":"ui_group","name":"Titulo","tab":"","order":1,"disp":false,"width":"6","collapse":false},{"id":"a4c2f688.53c8e","type":"ui_group","name":"Arduino","tab":"","order":8,"disp":false,"width":"6","collapse":false},{"id":"fd5fa5d4.a71e78","type":"ui_group","name":"Arduino","tab":"","order":2,"disp":false,"width":"6","collapse":false},{"id":"4901c263.890b9c","type":"ui_group","name":"Desafio 3","tab":"","order":1,"disp":true,"width":"6","collapse":false},{"id":"d1441c39.6801e","type":"ui_group","name":"Desafio 4","tab":"","order":1,"disp":false,"width":"6","collapse":false},{"id":"37c0da71.80aea6","type":"ui_tab","name":"CHELLENG","icon":"dashboard","disabled":false,"hidden":false},{"id":"e86bd9db.d98be","type":"twitter-credentials","screen_name":"BiaKiil"},{"id":"934cac86.de0ae8","type":"mqtt-broker","name":"","broker":"broker.hivemq.com","port":"1883","clientid":"","usetls":false,"compatmode":false,"keepalive":"60","cleansession":true,"birthTopic":"","birthQos":"0","birthPayload":"","closeTopic":"","closeQos":"0","closePayload":"","willTopic":"","willQos":"0","willPayload":""},{"id":"ec329d10.1c3d48","type":"ui_group","name":"CHELLENG","tab":"37c0da71.80aea6","order":1,"disp":false,"width":"6","collapse":false},{"id":"d6423699.9e3a9","type":"serial in","z":"f3f378bc.0a22b","name":"","serial":"3a02d27d.ad735e","x":170,"y":120,"wires":[["e74fe794.c39038"]]},{"id":"74b94da3.ed283c","type":"change","z":"f3f378bc.0a22b","name":"","rules":[{"t":"set","p":"payload","pt":"msg","to":"payload.payload","tot":"msg"}],"action":"","property":"","from":"","to":"","reg":false,"x":440,"y":160,"wires":[["4dc16b30.789304","4a563610.a7c6b"]]},{"id":"e74fe794.c39038","type":"json","z":"f3f378bc.0a22b","name":"","property":"payload","action":"","pretty":false,"x":300,"y":120,"wires":[["74b94da3.ed283c","64287e37.955b"]]},{"id":"4dc16b30.789304","type":"ui_text","z":"f3f378bc.0a22b","group":"ec329d10.1c3d48","order":1,"width":0,"height":0,"name":"","label":"Peso","format":"{{msg.payload}}","layout":"row-spread","x":630,"y":160,"wires":[]},{"id":"4a563610.a7c6b","type":"mqtt out","z":"f3f378bc.0a22b","name":"","topic":"alemDoPote/peso","qos":"","retain":"","broker":"934cac86.de0ae8","x":670,"y":220,"wires":[]},{"id":"64287e37.955b","type":"debug","z":"f3f378bc.0a22b","name":"","active":true,"tosidebar":true,"console":false,"tostatus":false,"complete":"false","statusVal":"","statusType":"auto","x":650,"y":280,"wires":[]}]